ACTION	FROM	TO	STATUS
CREATE_DIR		docs/02-ARCHITECTURE	OK
CREATE_DIR		docs/05-PROJECT-MANAGEMENT	OK
CREATE_DIR		docs/05-PROJECT-MANAGEMENT/planning	OK
CREATE_DIR		docs/05-PROJECT-MANAGEMENT/technical	OK
CREATE_DIR		docs/05-PROJECT-MANAGEMENT/business	OK
CREATE_DIR		docs/05-PROJECT-MANAGEMENT/archived	OK
MOVE	C:\Users\huber_\Desktop\ROOMIE\roomi-campus-nest-1\project-management\planning\CORE_PLATFORM_IMPLEMENTATION_PLAN.md	docs\05-PROJECT-MANAGEMENT\planning\CORE_PLATFORM_IMPLEMENTATION_PLAN.md	MOVED
MOVE	C:\Users\huber_\Desktop\ROOMIE\roomi-campus-nest-1\project-management\planning\FIXING_ROADMAP.md	docs\05-PROJECT-MANAGEMENT\planning\FIXING_ROADMAP.md	MOVED
MOVE	C:\Users\huber_\Desktop\ROOMIE\roomi-campus-nest-1\project-management\planning\PRODUCTION_ROADMAP.md	docs\05-PROJECT-MANAGEMENT\planning\PRODUCTION_ROADMAP.md	MOVED
MOVE	C:\Users\huber_\Desktop\ROOMIE\roomi-campus-nest-1\project-management\planning\PROJECT_STATUS.md	docs\05-PROJECT-MANAGEMENT\planning\PROJECT_STATUS.md	MOVED
MOVE	C:\Users\huber_\Desktop\ROOMIE\roomi-campus-nest-1\project-management\planning\ROOMI_IMPLEMENTATION_PLAN.md	docs\05-PROJECT-MANAGEMENT\planning\ROOMI_IMPLEMENTATION_PLAN.md	MOVED
MOVE	C:\Users\huber_\Desktop\ROOMIE\roomi-campus-nest-1\project-management\business\Brand_Name_Alternatives_Analysis.md	docs\05-PROJECT-MANAGEMENT\business\Brand_Name_Alternatives_Analysis.md	MOVED
MOVE	C:\Users\huber_\Desktop\ROOMIE\roomi-campus-nest-1\project-management\business\GHANA_SUBSCRIPTION_SYSTEM_DESIGN.md	docs\05-PROJECT-MANAGEMENT\business\GHANA_SUBSCRIPTION_SYSTEM_DESIGN.md	MOVED
MOVE	C:\Users\huber_\Desktop\ROOMIE\roomi-campus-nest-1\project-management\business\ROOMi_Copywriting_Brief.md	docs\05-PROJECT-MANAGEMENT\business\ROOMi_Copywriting_Brief.md	MOVED
MOVE	C:\Users\huber_\Desktop\ROOMIE\roomi-campus-nest-1\project-management\business\ROOMi_Strategic_Questions.md	docs\05-PROJECT-MANAGEMENT\business\ROOMi_Strategic_Questions.md	MOVED
MOVE	C:\Users\huber_\Desktop\ROOMIE\roomi-campus-nest-1\project-management\business\ROOMI_UPDATED_BUSINESS_MODEL.md	docs\05-PROJECT-MANAGEMENT\business\ROOMI_UPDATED_BUSINESS_MODEL.md	MOVED
MOVE	C:\Users\huber_\Desktop\ROOMIE\roomi-campus-nest-1\project-management\technical\audit_report.txt	docs\05-PROJECT-MANAGEMENT\technical\audit_report.txt	MOVED
MOVE	C:\Users\huber_\Desktop\ROOMIE\roomi-campus-nest-1\project-management\technical\MULTI_ACCOUNT_PAYMENT_DISTRIBUTION.md	docs\05-PROJECT-MANAGEMENT\technical\MULTI_ACCOUNT_PAYMENT_DISTRIBUTION.md	MOVED
MOVE	C:\Users\huber_\Desktop\ROOMIE\roomi-campus-nest-1\project-management\technical\OAUTH_DESIGN_SPECIFICATIONS.md	docs\05-PROJECT-MANAGEMENT\technical\OAUTH_DESIGN_SPECIFICATIONS.md	MOVED
MOVE	C:\Users\huber_\Desktop\ROOMIE\roomi-campus-nest-1\project-management\technical\PAYMENT_TESTING_GUIDE.md	docs\05-PROJECT-MANAGEMENT\technical\PAYMENT_TESTING_GUIDE.md	MOVED
MOVE	C:\Users\huber_\Desktop\ROOMIE\roomi-campus-nest-1\project-management\technical\PAYSTACK_INTEGRATION_IMPLEMENTATION.md	docs\05-PROJECT-MANAGEMENT\technical\PAYSTACK_INTEGRATION_IMPLEMENTATION.md	MOVED
MOVE	C:\Users\huber_\Desktop\ROOMIE\roomi-campus-nest-1\project-management\technical\ROOMI_COMPREHENSIVE_DATABASE_SCHEMA.sql	docs\05-PROJECT-MANAGEMENT\technical\ROOMI_COMPREHENSIVE_DATABASE_SCHEMA.sql	MOVED
MOVE	C:\Users\huber_\Desktop\ROOMIE\roomi-campus-nest-1\project-management\technical\STEP_BY_STEP_MIGRATION.sql	docs\05-PROJECT-MANAGEMENT\technical\STEP_BY_STEP_MIGRATION.sql	MOVED
MOVE	C:\Users\huber_\Desktop\ROOMIE\roomi-campus-nest-1\project-management\technical\SUPABASE_MISSING_TABLES_MIGRATION.sql	docs\05-PROJECT-MANAGEMENT\technical\SUPABASE_MISSING_TABLES_MIGRATION.sql	MOVED
MOVE	project-management/README.md	docs/05-PROJECT-MANAGEMENT/README.md	MOVED
REMOVE_EMPTY_DIR	project-management		SKIPPED_NOT_EMPTY
MOVE	PAYMENT-LOGIC.md	docs/to be deleted/PAYMENT-LOGIC.md	MOVEDREMOVE_EMPTY_DIR	project-management		REMOVED

REMOVE_EMPTY_DIR	project-management		REMOVED
